[{"id": 0, "conversations": [{"from": "human", "value": "Image1: <ImageHere>; Image2: <ImageHere>. How does the use of color in Image1 and Image2 contribute to the overall mood of each poster?"}, {"from": "bot", "value": "The use of color in Image1 and Image2 greatly impacts the overall mood of each poster. In Image1, the predominance of green and gold hues combined with the background composed of a multitude of dollar bills suggests a whimsical, light-hearted, and extravagant mood, aligning with the theme of wealth and excess in the film \u201cBrewster\u2019s Millions.\u201d The title's use of bright yellow and green reinforces this lavish and over-the-top sentiment, hinting at the comedic nature tied to the concept of spending vast amounts of money quickly. Conversely, Image2 employs softer, more serene colors, with predominant blues and whites in its palette. These colors evoke a calming and romantic mood, suitable for the film \u201cU Me aur Hum,\u201d which centers around relationships and emotional journeys. The soft blue of the sky and sea in the background gives a tranquil, peaceful feeling, hinting at both love and introspection. The gentle color scheme aligns with the themes of connection and emotional depth, suggesting a more serious and sentimental tone in contrast to the boisterousness depicted in Image1."}, {"from": "human", "value": "What elements in Image1 and Image2 indicate the genre of the films they represent?"}, {"from": "bot", "value": "Genre indication in Image1 and Image2 is depicted through various visual elements. In Image1, the comedic genre is evident from the humorous visuals where one character appears with astonishment, and another character seems to be joyfully diving into a pile of money. The casual and exaggerated posture of the characters combined with the tagline \u201cAn American excess story\u201d further amplifies the comedic undertones about financial whims and extreme wealth. In Image2, the elements pointing to a romantic drama genre include the intimate setting of a boat overlooking a serene ocean and the tender interaction between the characters. The man holding flowers while balancing upside down adds a whimsical and heartfelt touch, suggesting themes of romance and emotional exploration. The text \u201cSometimes the greatest journey is the distance between two people\u201d further drives home the introspective and emotional focus typical of dramas centered on personal relationships."}, {"from": "human", "value": "How are the main characters depicted in Image1 and Image2, and what can you infer about their personalities or roles in the films?"}, {"from": "bot", "value": "The main characters' depiction in Image1 and Image2 reveals different aspects of their personalities or roles within the films. In Image1, the character below, seemingly blending into a pile of money, appears surprised and stupefied, implying a reaction to an incredible surprise or windfall, while the upturned character exudes joy, indicating a carefree attitude. The characters\u2019 poses and expressions suggest a story filled with humor and unexpected wealth, hinting at personalities navigating chaos and fun. In Image2, the characters are portrayed tenderly, with one character holding flowers, indicating a gesture of love or reconciliation. The woman sitting and smiling warmly hints at openness and affection, while the man's playful upside-down posture suggests a quirky, perhaps spontaneous or adventurous personality. Their interaction suggests a deep, nuanced relationship filled with love and tender emotions, aligning with a narrative focused on romance and personal connection."}, {"from": "human", "value": "Compare the use of background imagery in Image1 and Image2. How does each background enhance the understanding of the film's setting?"}, {"from": "bot", "value": "Comparing the background imagery in Image1 and Image2, each enhances our understanding of the film's setting significantly. In Image1, the backdrop of dollar bills firmly establishes the theme of money and excess, directly reflecting the film's plot about spending a vast inheritance. This rich background plays a vital role in conveying the opulent yet chaotic nature of the film, setting the stage for the humor and escapades that the characters will likely encounter in a wealth-obsessed context. In Image2, the background of a serene ocean and sky serves to underline the themes of tranquility, introspection, and romance. The boat suggests a journey, both literal and metaphorical, underscoring the narrative\u2019s potential focus on emotional and relationship exploration. This peaceful and open background contrasts with the detailed and extravagant backdrop of Image1, reflecting a more intimate, personal story focused on inner and interpersonal journeys."}, {"from": "human", "value": "What are the emotions being conveyed by the characters in Image1 and Image2? How do these emotions relate to the themes of the films?"}, {"from": "bot", "value": "The emotions conveyed by the characters in Image1 and Image2 illustrate the thematic focuses of the respective films. In Image1, the characters' expressions range from surprise to joy, capturing a sense of fun, unpredictability, and light-hearted chaos. This emotionally energetic portrayal reflects the humor and exuberance one can expect from a comedy surrounding wealth. The man\u2019s astonished face juxtaposed with the other\u2019s enthusiastic diving captures a comedic contrast indicative of the film\u2019s playful tone. Image2 showcases a range of tender, introspective emotions. The man\u2019s unusual act of holding flowers upside-down suggests a mix of romantic spontaneity and playfulness, while the woman\u2019s warm, seated posture and inviting smile suggest contentment and affection. These conveyed emotions align with a story likely rich with romantic and emotional depth, focusing on the beauty and complications of relationships. The emotions connect with themes of love, connection, and perhaps reconciliation within a heartfelt narrative."}, {"from": "human", "value": "How do the positions and postures of the characters in Image1 and Image2 reflect the dynamics between them?"}, {"from": "bot", "value": "The positions and postures of the characters in Image1 and Image2 reflect dynamics that offer insights into their relationships. In Image1, the upward diving character diving into a bill-filled abyss juxtaposed with the surprised man creates a dynamic filled with motion and reaction. This energetic interaction reflects a dynamic between the characters that might involve surprises, comedic misunderstandings, and over-the-top scenarios, essential elements of a buddy comedy with a fantastical premise. In Image2, the positioning is more intimate and connected, with the man upside down holding flowers directed towards the woman. This posture suggests a romantic, playful pursuit, or an act of endearing spontaneity. The woman\u2019s serene, accepting pose signifies comfort and reciprocal affection. This dynamic reflects a deep, emotional bond, emphasizing themes of love, maybe challenged by distance or differences, hinting at the personal experiences central to a romantic drama."}, {"from": "human", "value": "Analyze the symbolic meaning of any objects present in Image1 and Image2. How might these objects be relevant to the films' plots?"}, {"from": "bot", "value": "The symbolic meanings of objects present in Image1 and Image2 contribute significantly to understanding the films' plots. In Image1, the omnipresence of dollar bills is highly symbolic of the main plot premise centering around wealth and its implications. The sight of characters seemingly overwhelmed or absorbed by money emphasizes the theme of excessive riches and the humorous yet insightful exploration of handling sudden fortune. In Image2, the flowers held by the man are a timeless symbol of romance, apology, or gesture of affection, reinforcing the central theme of love and reconciliation. The boat's journey on serene waters represents introspection, progress, and the journey of life or relationships. These objects highlight elements crucial to the narrative's development - the emotional gestures and the exploration of personal connections against the backdrop of life\u2019s voyage."}, {"from": "human", "value": "What cultural or historical significance can be interpreted from Image1 and Image2?"}, {"from": "bot", "value": "Considering cultural or historical significance, Image1 and Image2 both reflect thematic and contextual relevance. Image1 engages with the American cultural context of wealth, consumerism, and the comedic exploration of \u201crags to riches\u201d narratives seen often in U.S. cinema. The portrayal of financial excess against a humorous plot situates it within a broader commentary on capitalism and prosperity in a light-hearted manner. Image2, with its serene, introspective visuals, taps into a more universally relatable cultural narrative of love, relationships, and personal journeys. The depiction of a boat journey might implicitly reference cultural motifs of travel, exploration, and the romanticized idea of a journey towards bonding and understanding, fitting well within the broader archetype of romantic drama narratives, potentially catering to an audience familiar with such storytelling."}, {"from": "human", "value": "Discuss the impact of character attire in Image1 and Image2. How does clothing contribute to character development or the storyline?"}, {"from": "bot", "value": "Character attire in Image1 and Image2 aids considerably in defining character development and storyline. In Image1, the characters' somewhat casual, everyday clothing juxtaposed with the extravagance of their scenario underscores the absurdity and humor of the plot. Despite the wealth symbolized by the background, their ordinary attire indicates common roots, rendering their situation all the more comically surreal and relatable. In Image2, the clothing reflects a sense of everyday realism and relatability, with the woman in a casual dress and the man in smart casual attire, emphasizing naturalistic portrayal without distracting from the emotional narrative. Their attire complements the story\u2019s focus on personal relationship dynamics, further underscoring an approachability and authenticity in presenting their romantic journey."}, {"from": "human", "value": "How does the typography used in Image1 and Image2 complements the themes of the respective films?"}, {"from": "bot", "value": "The typography used in Image1 and Image2 aligns perfectly with their respective film themes. In Image1, the mix of playful fonts for \u201cBrewster\u2019s Millions,\u201d with vibrant yellow and green, matches the exuberant, comedic tone of the film. The lively, bold typeface conveys excitement and a touch of eccentricity, suitable for a narrative imbued with humor and excess. Image2 employs a more serene and elegant typeface for \u201cU Me aur Hum,\u201d with a flowing, handwritten feel, enhancing the sense of personal touch and emotional depth. The soft, romantic script visually complements the tranquil, heartfelt mood of the film, highlighting themes of love and connection. The chosen typography provides a visual cue to the viewer about the gentle, introspective nature of the narrative."}], "image": ["data/images/Bk1GhQQ1RR_Cj8wVTPjD_1.jpg", "data/images/Bk1GhXY06hYCpDhD8y9l_1.jpg"]}, {"id": 1, "conversations": [{"from": "human", "value": "Image1: <ImageHere>; Image2: <ImageHere>. What are the primary visual differences in the color schemes used in Image1 and Image2?"}, {"from": "bot", "value": "The primary visual differences in the color schemes used in Image1 and Image2 are striking and denote different artistic intents and atmospheres. Image1 employs a monochromatic color palette, predominantly using shades of grey, which lends a somber and introspective mood to the image. This grayscale treatment reinforces themes of austerity, contemplation, and possibly the historical or personal weight being carried by the central figure. The high contrast between the lighter and darker areas in Image1 emphasizes the depth and texture of the character's face, drawing the viewer's attention to the nuanced expression and the serious tone of the subject. In contrast, Image2 is vibrant and colorful, evoking a sense of energy and enthusiasm. The use of primary colors\u2014red, white, and blue\u2014dominates the palette, likely reflecting a patriotic or spirited atmosphere, fitting for a sports event. The vividness and saturation of the colors in Image2 create a lively and dynamic scene, indicative of action, movement, and triumph. This highly chromatic approach not only captures the excitement and adrenaline typical of high-stakes races but also emphasizes the central figure's triumphant demeanor. The warm tones of the central figure's attire stand out against the cooler background hues, enhancing the figure's prominence and adding to the overall feeling of victory and public acclaim."}, {"from": "human", "value": "How do the central figures in Image1 and Image2 differ in terms of their facial expressions and postures?"}, {"from": "bot", "value": "The central figures in Image1 and Image2 exhibit distinct differences in terms of their facial expressions and postures. In Image1, the central figure's expression is contemplative and solemn, with downward-cast eyes suggesting introspection or sadness. The closed mouth and relaxed facial muscles contribute to a subdued, almost melancholic tone. The posture is slightly hunched forward, with the shoulders drawn inwards, creating an impression of introspection and vulnerability. This body language conveys a sense of internal struggle or deep personal reflection, perhaps related to the character's journey or circumstances. Conversely, the central figure in Image2 exudes confidence and joy. The facial expression is open and animated, with a broad smile that highlights triumph and exhilaration. The eyes are likely focused ahead, possibly towards the cheering crowd or destination, indicative of a victorious moment. The posture is upright and expansive, with one arm raised in a classic gesture of victory, further emphasizing the sense of accomplishment and celebration. The relaxed yet triumphant stance communicates a sense of pride and dominance, befitting the competitive and public nature of the context represented."}, {"from": "human", "value": "Identify any awards or recognition displayed in Image1 and explain their significance."}, {"from": "bot", "value": "In Image1, the displayed awards likely include laurels and film festival recognitions, suggesting that the film has achieved notable prestige and critical acclaim. Such awards are significant as they reflect widespread recognition within the cinematic community, often validating the film's artistic and narrative quality. Recognition from prominent film festivals can enhance the film's visibility, attract a broader audience, and potentially influence its success in broader markets. These accolades underscore the film's quality in terms of direction, acting, cinematography, or narrative depth, and signify its cultural and artistic impact. For instance, awards from renowned film festivals such as Cannes, Venice, or Sundance carry substantial weight in the film industry, often signifying artistic excellence and innovation. They can also bolster the careers of the film's cast and crew by associating them with a critically successful project. Each award depicted can be seen as a marker of the film's journey through the festival circuit, its reception by critics, and its ability to resonate with audiences on an intellectual or emotional level."}, {"from": "human", "value": "Compare the background settings in Image1 and Image2. What impact do these settings have on the mood of each image?"}, {"from": "bot", "value": "The background settings in Image1 and Image2 greatly influence the mood and tone of each image. Image1 features a minimalistic and likely austere background, possibly an interior space with little distraction, which intensifies the viewer's focus on the central figure. This sparse setting reinforces the themes of isolation and introspection, contributing to a mood of serenity mixed with underlying tension or sadness. The simplicity of the background allows the emotional weight of the character and their internal journey to come to the forefront, enhancing the overall atmosphere of contemplation and personal struggle. In contrast, Image2 depicts a bustling, energetic scene with a crowded grandstand in the background. The crowd, the race vehicles, and the vivid environment collectively create a sense of excitement and public spectacle. This busy and vibrant setting generates a dynamic and celebratory mood, reflecting an atmosphere of competition and triumph. The presence of the audience and the racetrack add layers of context, indicating the large-scale public nature of the event and the shared collective experience of the moment. The grandeur and activity of the setting underscore the central figure's achievements, adding to the overall narrative of victory and public recognition."}, {"from": "human", "value": "Discuss the historical context represented in Image1 and Image2. How does each image reflect its respective time period?"}, {"from": "bot", "value": "The historical contexts of Image1 and Image2 can be inferred from the visual elements and themes presented in each image. Image1 appears to be set in a past era, as indicated by the grayscale palette and possibly the attire of the central figure. This image may reflect a period of historical significance, such as post-war Europe, indicated by the somber and reflective tone. The visual austerity suggests themes of loss, recovery, or exploration of personal and historical memory, characteristic of films exploring significant historical periods through an individual's experience. In comparison, Image2 seems to represent a historical context rooted in the thrilling world of motorsports, likely in the late 20th century judging by the stylistic elements and attire. The vibrant colors, detailed depiction of the racetrack, and the central figure's racing suit point to a period of high-octane sports culture. This historical context reflects themes of competition, technological advancement in racing, and the cultural fascination with speed and sportsmanship. The setting and attire provide a glimpse into the era's aesthetics, societal values, and the significance placed on public sporting events and their heroes."}, {"from": "human", "value": "How do the themes of discovery and personal challenge play out in the central figures of Image1 and Image2?"}, {"from": "bot", "value": "The themes of discovery and personal challenge are evident in the portrayal of the central figures in Image1 and Image2. In Image1, the subdued and introspective demeanor of the central figure suggests a journey of self-discovery and internal challenge. The contemplative expression and the somber environment indicate a narrative focused on personal growth, the resolution of past conflicts, or an exploration of identity. This character's journey is likely marked by emotional and psychological challenges, reflecting themes of resilience and the quest for understanding in the face of adversity. In contrast, the central figure in Image2 embodies the theme of personal challenge through the physical and competitive landscapes of motorsport. The raised arm and celebratory expression suggest that this character has overcome significant challenges to achieve victory. The context of a race highlights the elements of competition, skill, and resilience. The triumph depicted in Image2 symbolizes not only personal achievement but also the overcoming of external challenges and the physical and mental endurance required to succeed in such high-stakes environments."}, {"from": "human", "value": "Evaluate the symbolic meaning of the attire worn by the principal characters in Image1 and Image2."}, {"from": "bot", "value": "The symbolic meaning of the attire worn by the principal characters in Image1 and Image2 reflects their respective narratives and contexts. In Image1, the character's attire is modest and understated, likely dark in color, which aligns with the film's somber tone and themes of introspection. This simple, perhaps period-appropriate clothing suggests a character grounded in a specific historical or personal milieu, emphasizing themes of humility, struggle, or a journey through hardship. On the other hand, the attire in Image2\u2014a racing suit\u2014symbolizes action, competition, and professionalism. The racing suit not only identifies the character as a professional driver but also carries connotations of speed, courage, and the thrill of sport. The prominent positioning of national flags on the suit could reflect national pride and the international aspect of racing events, underscoring the character's association with broader competitive and cultural themes. This attire highlights the public nature of the character's endeavors and the high stakes involved in their journey."}, {"from": "human", "value": "Considering the emotional tone conveyed by the central character in Image1, what might be inferred about their journey or story?"}, {"from": "bot", "value": "Considering the emotional tone conveyed by the central character in Image1, one might infer a complex and potentially difficult journey or story. The downward glance and the contemplative, almost pensive expression suggest a narrative filled with emotional depth and personal struggle. This demeanor might reflect themes of loss, identity, or reconciliation with the past. The character's apparent introspection indicates an inner journey characterized by reflection and possibly a search for meaning or redemption. The austerity of the image amplifies the sense of seriousness and gravitas, hinting at a story that is deeply personal and possibly tied to significant historical or societal events."}, {"from": "human", "value": "In Image2, what might the triumphant gesture of the central figure symbolize in the context of their achievements?"}, {"from": "bot", "value": "In Image2, the triumphant gesture of the central figure\u2014raising an arm\u2014symbolizes victory and achievement. This gesture is universally recognized as a sign of success and celebration, reflecting the character's accomplishment in the context of motorsport. It suggests overcoming substantial challenges and embodies the peak of personal and professional achievement. The joyous expression and the raised arm collectively highlight a moment of triumph, likely following intense competition and hard-fought success. This gesture not only signifies the character's individual victory but also serves as an emblem of the collective spirit of sportsmanship and the celebration of extraordinary skill and determination."}, {"from": "human", "value": "How are social and cultural elements depicted through the crowd and setting in Image2 compared to the solitary figure in Image1?"}, {"from": "bot", "value": "The depiction of social and cultural elements in Image2 through the crowd and setting contrasts with the solitary figure in Image1. Image2 is filled with spectators, vibrant with public enthusiasm and communal experience, highlighting the social aspect of racing and the collective enjoyment of sporting events. The large crowd signifies a culture that venerates sports heroes, public spectacles, and community participation. This setting reflects themes of public recognition and the societal value placed on competitive success, suggesting a narrative deeply intertwined with public acclaim and the shared joy of victory. In contrast, Image1 focuses on a solitary figure, emphasizing personal reflection and isolation. This setting speaks to individual experiences and personal journeys, devoid of public spectacle or external validation. The solitude underscores themes of internal struggle, personal discovery, and the quiet resilience required to navigate personal hardships. This image suggests a more introspective and private narrative, highlighting the internal rather than the external challenges one faces."}, {"from": "human", "value": "Analyze the use of visual elements to convey tension or serenity in Image1 and Image2."}, {"from": "bot", "value": "The use of visual elements to convey tension or serenity in Image1 and Image2 is effectively executed through color, composition, and context. Image1 utilizes a monochromatic color scheme and minimalistic setting to evoke a sense of serenity mixed with underlying tension. The subdued colors and the soft, diffused light contribute to a calm, contemplative atmosphere, while the character's expression and posture hint at internal conflict or unresolved issues. The lack of distractions in the background ensures that the tension remains focused on the central figure's internal world, creating a quiet but intense emotional landscape. On the other hand, Image2 employs vibrant colors and dynamic composition to convey excitement and high energy. The crowded grandstand, bright colors, and the central figure's triumphant gesture create a sense of exuberant celebration. The visual busyness and the warmth of the image's tones generate a feeling of communal joy and public spectacle, emphasizing the external thrill of the event. However, despite the overall energy, there is a serenity in the central figure's calm confidence, the stillness amidst the action, reflecting a moment of personal peace following victory."}, {"from": "human", "value": "How do the images portray the relationship between the main characters and their environment?"}, {"from": "bot", "value": "The images portray the relationship between the main characters and their environment in contrasting ways. Image1 emphasizes the character's isolation and personal engagement with their surroundings, highlighting themes of introspection and inner journey. The minimalistic background amplifies the sense of solitude, creating an intimate connection between the character and their internal world. This relationship suggests a narrative deeply rooted in personal experience and reflection, where the environment serves as a backdrop to the character's emotional and psychological state. In Image2, the central figure's relationship with their environment is marked by public engagement and external recognition. The dynamic and crowded backdrop suggests a character who thrives in the public eye, whose journey is interwoven with societal values and communal experiences. The interaction between the cheerful crowd and the triumphant figure highlights a symbiotic relationship where the character's achievements are celebrated and validated by the society around them. This setting portrays a narrative of public success, collective joy, and societal impact, emphasizing the character's role within a broader cultural and social framework."}], "image": ["data/images/Bk1Ghbw1SynAoDP7VS3B_1.jpg", "data/images/Bk1GhqA1RhyCKaOWwxKT_1.jpg"]}]
