[{"id": 0, "conversations": [{"from": "human", "value": "Can you provide an extremely detailed description for panda?"}, {"from": "bot", "value": "Giant Panda\nThe giant panda (Ailuropoda melanoleuca) is a majestic and iconic bear species native to China. It is characterized by its distinctive black and white markings, robust build, and specialized diet.\nPhysical Characteristics:\nCoat: The giant panda's fur is thick and woolly, with two layers: a thick undercoat and a longer, coarser outer layer. The fur is black and white, with black fur on the ears, eyes, and legs, and white fur on the face, neck, and body.\nBody shape: The giant panda has a stout body, with a rounded head, a short, curved neck, and a long, muscular torso. It has a distinctive 'thumb' formed by a modified wrist bone, which helps it grasp bamboo stalks.\nSize: Giant pandas typically weigh between 150-250 kg (330-550 lb) and reach lengths of 1.2-1.5 m (4-5 ft).\nEyes: The giant panda's eyes are dark brown, with a distinctive 'V' shape formed by the eyebrows.\nHabitat and Diet:\nHabitat: Giant pandas inhabit bamboo forests at high elevations (2,200-4,500 m) in the Sichuan, Shaanxi, and Gansu provinces of China.\nDiet: The giant panda is a specialized herbivore, with 99% of its diet consisting of bamboo. It feeds on various bamboo species, as well as other grasses and wild tubers.\nBehavior and Conservation:\nBehavior: Giant pandas are solitary animals, with a highly developed sense of smell. They are excellent climbers and spend most of their time in trees.\nConservation status: The giant panda is listed as 'vulnerable' on the IUCN Red List, with conservation efforts in place to protect its habitat and increase its population.\nInteresting Facts:\nSpecialized digestive system: The giant panda has a unique digestive system, with a longer digestive tract and a larger cecum than other bears, allowing it to digest bamboo more efficiently.\nSymbolism: The giant panda is considered a national symbol of China and a symbol of peace and friendship worldwide.\nReproduction: Giant pandas are notorious for their low reproductive rate, with females only fertile for 2-3 days per year. They give birth to one or two cubs per year, which are born blind and helpless."}]}, {"id": 1, "conversations": [{"from": "human", "value": "Can you write a story for panda?"}, {"from": "bot", "value": "In the heart of China's lush bamboo forests, a playful and curious panda named Pao lived a life of adventure and discovery. Unlike his fellow pandas, content with munching on bamboo, Pao's insatiable curiosity drove him to seek out new experiences and friendships.\nOne sunny morning, as Pao savored his breakfast of fresh bamboo shoots, he spotted a peculiar glimmer in the distance. His curiosity piqued, he set out to investigate. With his black and white fur blending seamlessly into the dappled sunlight, Pao waddled through the forest, following the glimmer's call.\nAs he approached the source, he discovered a crystal-clear stream, teeming with colorful fish that darted playfully beneath the surface. Entranced, Pao dipped his paw into the cool water, delighting in the sensation. He decided to follow the stream, eager to uncover its secrets.\nThe stream meandered through the forest, leading Pao to a hidden grove filled with vibrant flowers and towering trees. At the grove's center stood an ancient, majestic tree, its trunk so wide that several pandas holding hands couldn't encircle it. Pao felt a sense of awe and wonder as he gazed up at the tree's sprawling branches.\nSuddenly, a soft rustling sound broke the silence. Pao turned to see a group of animals emerging from the underbrush: rabbits, deer, birds, and even a mischievous red fox. They gathered around the ancient tree, and Pao realized that this was a special place where the forest's creatures came together in harmony.\nThe animals welcomed Pao warmly, and he learned that the ancient tree held the power to grant wishes to those with a pure heart. Encouraged by his new friends, Pao closed his eyes and made a wish: for the forest to remain a peaceful haven, where all creatures could live together in happiness.\nAs he made his wish, a gentle breeze rustled the leaves, and a sense of calm washed over him. From that day on, Pao became the guardian of the hidden grove, ensuring that the ancient tree remained a symbol of magic, wonder, and the beauty of nature. And so, the legend of Pao the panda and the ancient tree lived on, inspiring generations to cherish curiosity, friendship, and the natural world."}]}]
