[{"id": 0, "conversations": [{"from": "human", "value": "Can you provide an extremely detailed description for this image?"}, {"from": "bot", "value": "No problem! The image features a close-up of a giant panda, a bear species native to China. The panda's face is prominently displayed, showing its distinctive black and white fur pattern. The fur on its face is primarily white, with large black patches around its eyes, which are characteristic of giant pandas. The eyes themselves are dark and expressive, giving the panda a gentle and somewhat curious expression.\nThe panda's ears are small, rounded, and covered in black fur, standing out against the white fur of its head. Its nose is black and moist, typical of bear species, and its mouth is slightly open, revealing its teeth and a bit of its pink tongue. The panda appears to be chewing on a piece of bamboo, which is partially visible in its mouth and held by its paw.\nThe background of the image is blurred, suggesting a shallow depth of field, which helps to keep the focus on the panda. The background colors are mostly green and brown, indicating that the panda is likely in a natural habitat, such as a forest or a bamboo grove.\nThe panda's fur looks thick and soft, with the black fur on its arms and legs contrasting sharply with the white fur on its body. The overall appearance of the panda is one of calmness and contentment, as it engages in its typical behavior of eating bamboo.\nI hope this is helpful  for you!"}], "image": "data/images/panda.jpeg"}, {"id": 1, "conversations": [{"from": "human", "value": "Can you write a story from the given image?"}, {"from": "bot", "value": "In the heart of China's lush bamboo forests, a playful and curious panda named Pao lived a life of adventure and discovery. Unlike his fellow pandas, content with munching on bamboo, Pao's insatiable curiosity drove him to seek out new experiences and friendships.\nOne sunny morning, as Pao savored his breakfast of fresh bamboo shoots, he spotted a peculiar glimmer in the distance. His curiosity piqued, he set out to investigate. With his black and white fur blending seamlessly into the dappled sunlight, Pao waddled through the forest, following the glimmer's call.\nAs he approached the source, he discovered a crystal-clear stream, teeming with colorful fish that darted playfully beneath the surface. Entranced, Pao dipped his paw into the cool water, delighting in the sensation. He decided to follow the stream, eager to uncover its secrets.\nThe stream meandered through the forest, leading Pao to a hidden grove filled with vibrant flowers and towering trees. At the grove's center stood an ancient, majestic tree, its trunk so wide that several pandas holding hands couldn't encircle it. Pao felt a sense of awe and wonder as he gazed up at the tree's sprawling branches.\nSuddenly, a soft rustling sound broke the silence. Pao turned to see a group of animals emerging from the underbrush: rabbits, deer, birds, and even a mischievous red fox. They gathered around the ancient tree, and Pao realized that this was a special place where the forest's creatures came together in harmony.\nThe animals welcomed Pao warmly, and he learned that the ancient tree held the power to grant wishes to those with a pure heart. Encouraged by his new friends, Pao closed his eyes and made a wish: for the forest to remain a peaceful haven, where all creatures could live together in happiness.\nAs he made his wish, a gentle breeze rustled the leaves, and a sense of calm washed over him. From that day on, Pao became the guardian of the hidden grove, ensuring that the ancient tree remained a symbol of magic, wonder, and the beauty of nature. And so, the legend of Pao the panda and the ancient tree lived on, inspiring generations to cherish curiosity, friendship, and the natural world."}], "image": "data/images/panda.jpeg"}]
